autores;titulo;periodico;ano;doi;resumo;palavras_chave
Abel Laerte Packer;The SciELO Open Access: A Gold Way from the South;Canadian Journal of Higher Education;2010;https://doi.org/10.47678/cjhe.v39i3.479;"Open access has long emphasized access to scholarly materials. However, open access can also mean access to the means of producing visible and recognized journals. This issue is particularly important in developing and emergent countries. The SciELO (Scientific Electronic Library On-line) project, first started in Brazil and, shortly afterward, in Chile, offers a prime example of how this form of access to publishing was achieved and how open access in the traditional sense was incorporated within it. Open access has allowed more visibility, transparency, and credibility for the SciELO journals that now span over a dozen countries, three continents, and more than 600 titles. Conversely, SciELO incarnates the most successful and impressive example of “gold OA,” that is, open access based on publishing rather than self-archiving; at the same time, its database acts like an open-access depository.";"SciELO ; Credibility ; Open access publishing ; Transparency (behavior) ; Open access journal"
"Abel Laerte Packer ; Mariana Rocha Biojone ; Irati Antônio ; Roberta Mayumi Takenaka ; Alberto Pedroso García ; Asael Costa da Silva ; Renato Toshiyuki Murasaki ; Cristina Mylek ; Odila Carvalho Reis ; Hálida Cristina Rocha F. Delbucio";SciELO: uma metodologia para publicação eletrônica;Ciência da Informação;1998;https://doi.org/10.1590/s0100-19651998000200001;Descreve a Metodologia SciELO - Scientific Electronic Library Online para a publicação eletrônica de periódicos científicos, abordando temas como a transição da publicação impressa em papel para a publicação eletrônica, o processo de comunicação científica, os princípios que nortearam o desenvolvimento da metodologia, sua aplicação no site SciELO, seus módulos e componentes, os instrumentos nos quais está baseada etc. O artigo discute, também, as potencialidades e tendências para a área no Brasil e América Latina, apontando questões e propostas que deverão ser abordadas e solucionadas pela metodologia. Conclui que a Metodologia SciELO é uma solução eficiente, flexível e ampla para a publicação científica eletrônica.;"SciELO ; Humanities ; Philosophy ; Political science ; MEDLINE"
Jhony Alberto De La Cruz-Vargas;REVISTA INDEXADA EN SCIELO;Revista de la Facultad de Medicina Humana;2019;https://doi.org/10.25176/rfmh.v19i4.2332;"Today we have the honor and joy of sharing with the scientific and university community that the “Revista de la Facultad de Medicina Humana de la Universidad Ricardo Palma” (Journal of the Faculty of Human Medicine of the Ricardo Palma University) is now indexed on multiple national and international databases, the most recent is in Scielo. All this has been possible thanks to all the support received by the authorities of the University and especially from our Rector Dr. Iván Rodríguez Chávez, who at all times gave us his motivation, support, encouragement and has inspired us with his example and job. The indexing process of a scientific journal is laborious; it requires time and the confluence of skilled human resources, teamwork, identity with the University, institutional policy will to have the technical and administrative elements necessary to achieve the objectives, but especially a research editing team, with leadership and management capacity.";"SciELO ; Honor ; Political science ; Teamwork ; Humanities"
"Rogério Meneghini ; Rogério Mugnaini ; Abel Laerte Packer";International versus national oriented Brazilian scientific journals. A scientometric analysis based on SciELO and JCR-ISI databases;Scientometrics;2006;https://doi.org/10.1007/s11192-006-0168-z;;"SciELO ; Electronic library ; Library science ; The Internet ; Scopus"
Rogério Meneghini;Avaliação da produção científica e o Projeto SciELO;Ciência da Informação;1998;https://doi.org/10.1590/s0100-19651998000200018;Partindo da análise da produção científica brasileira e da carência de bases de dados em informação científica, o autor aborda o Projeto SciELO - Scientific Electronic Library Online como instrumento para tornar a produção nacional mais visível e acessível via meio eletrônico e, ao mesmo tempo, criar uma base de dados através da qual seja possível avaliar a produção científica do país e aumentar a sua visibilidade internacional.;"SciELO ; Humanities ; Electronic library ; Political science ; Physics"
"Mariana Neves ; Antonio Jimeno Yepes ; Aurélie Névéol";The Scielo Corpus: a Parallel Corpus of Scientific Publications for Biomedicine;;2016;https://doi.org/10.63317/2c6qrwhwmb33;"The biomedical scientific literature is a rich source of information not only in the English language, for which it is more abundant, but also in other languages, such as Portuguese, Spanish and French.We present the first freely available parallel corpus of scientific publications for the biomedical domain.Documents from the ""Biological Sciences"" and ""Health Sciences"" categories were retrieved from the Scielo database and parallel titles and abstracts are available for the following language pairs: Portuguese/English (about 86,000 documents in total), Spanish/English (about 95,000 documents) and French/English (about 2,000 documents).Additionally, monolingual data was also collected for all four languages.Sentences in the parallel corpus were automatically aligned and a manual analysis of 200 documents by native experts found that a minimum of 79% of sentences were correctly aligned in all language pairs.We demonstrate the utility of the corpus by running baseline machine translation experiments.We show that for all language pairs, a statistical machine translation system trained on the parallel corpora achieves performance that rivals or exceeds the state of the art in the biomedical domain.Furthermore, the corpora are currently being used in the biomedical task in the First Conference on Machine Translation (WMT'16).";"Machine translation ; Computer science ; Portuguese ; Natural language processing ; Biomedicine"
"Abel Laerte Packer ; Dominique Babini";The Pasts, Presents, and Futures of SciELO;The MIT Press eBooks;2020;https://doi.org/10.7551/mitpress/11885.003.0030;;"SciELO ; Futures contract ; Political science ; Economics ; Financial economics"
Cristina García Testal;Scielo: Scientific electronic library online;El Profesional de la Informacion;2000;https://doi.org/10.1076/epri.9.12.20.6853;Scielo (SCientific Electronic Library Online) est une bibliotheque virtuelle contenant une selection de revues bresiliennes specialisees. Cette initiative est destinee a combler le vide important de la production scientifique de langue non anglaise des pays en developpement, pour tenter de pallier la perte des connaissances liee a l'absence de moyens de diffusion scientifique. Elle contribue au progres de la recherche a travers le perfectionnement et l'accroissement des processus et des moyens de communication, ainsi qu'a l'evaluation de la production scientifique. Scielo s'inscrit dans un projet developpe par la Fapesp (Fundacao de Amparo a Pesquisa do Estado do Sao Paulo) et Bireme (Centro Latinoamericano y del Caribe de Informacion en Ciencias de la Salud), projet visant au developpement d'une methodologie commune pour la preparation, le stockage, l'extraction et l'evaluation de publications electroniques en utilisant les technologies de l'information. Parmi les outils proposes par cette methode, on trouve des guides, des normes, des manuels et des programmes informatiques.;"SciELO ; Electronic library ; Library science ; World Wide Web ; Digital library"
Sandra Edith Miguel;Revistas y producción científica de América Latina y el Caribe : Su visibilidad en SciELO, RedALyC y SCOPUS;LA Referencia (Red Federada de Repositorios Institucionales de Publicaciones Científicas);2011;;Este trabajo comparó la cobertura de revistas procedentes de América Latina y el Caribe incluidas en SciELO, RedALyC y SCOPUS, por país y por tema. Calculó el porcentaje de revistas en estas fuentes en relación con las registradas en el catálogo de LATINDEX. Estimó el volumen de la producción científica que registra visibilidad en las tres fuentes y su evolución en el período 2005-2009. Los resultados indicaron que las tres fuentes son complementarias. En promedio, el porcentaje de solapamiento de títulos es bajo y desigual la distribución de revistas por países. Ningún país registró en las fuentes estudiadas todas las revistas incluidas en LATINDEX. SCOPUS y SciELO están más equilibradas temáticamente que RedALyC, que mostró un marcado sesgo hacia las ciencias sociales. El volumen de producción científica visible en SCOPUS es muy superior al de SciELO y RedALyC, aunque su distribución por países es muy desigual. Las tres fuentes registran tendencias de crecimiento de la producción en el período analizado;"SciELO ; Humanities ; Philosophy ; Political science ; MEDLINE"
"Gabriel Vélez Cuartas ; Diana Lucio‐Arias ; Loet Leydesdorff";Regional and global science: Publications from Latin America and the Caribbean in the SciELO Citation Index and the Web of Science;El Profesional de la Informacion;2016;https://doi.org/10.3145/epi.2016.ene.05;Technology (OCyT) where she is also the coordinator of research in the field of Bibliometrics.She has experience in innovation systems and has published, in Spanish, a series of documents on the innovation dynamics and conditions in Colombia.She pursued a Ph.D. on social and behavioral sciences in the University of Amsterdam where she worked in close collaboration with Loet Leydesdorff in various algorithms to model and measure the dynamics of scientific communication.;"SciELO ; Latin Americans ; Science Citation Index ; Citation ; Library science"
"Pedro José Sales Luís Fonseca Rosário ; Armanda Pereira ; Julia Högemann ; A R Nunez ; Mirela de Oliveira Figueiredo ; Jesús Carrasco Núñez ; Sónia Fuentes ; Martha Leticia Gaeta González";Autorregulación del aprendizaje: una revisión sistemática en revistas de la base Scielo;Universitas Psychologica;2014;https://doi.org/10.11144/javeriana.upsy13-2.aars;The concept of self-regulation in learning has been assuming a rising importance in the literature once the research has suggested that students participate actively in their learning process, monitoring and regulating their study process to achieve self-set goals. Nevertheless, the information about self-regulation has not been yet systematized on the journals indexed in Scielo. Therefore, the current study performed a systematic review of the literature on Scielo.org, between the period 2001 and 2011 to analyze the existence evidence regarding: a) the nature of self-regulated learning, b) it’s assessment, c) the promotion of self-regulated skills and their usefulness in the context of education, and d) the potential implication of teachers on the promotion of lifelong learning.;"SciELO ; Promotion (chess) ; Context (archaeology) ; Humanities ; Psychology"
"Alexander Maz–Machado ; Nοelia Jiménez-Fanjul ; Ernesto Villarraga Rico";La producción científica colombiana en SciELO: un análisis bibliométrico;Revista Interamericana de Bibliotecología;2016;https://doi.org/10.17533/udea.rib.v39n2a03;This paper presents a bibliometric analysis of Colombian scientific production, which SciELO has indexed in its citation index database. Some of the objectives were to determine the production volume and the degree of collaboration, to identify the most productive Colombian universities and determine whom the academic peers for scientific and technological research were in Colombia. The study analyzed 15302 documents published in 12 years. The study found a noticeable increase in production with a 0.75 degree of global collaboration. Public universities are the universities that most published highlighting Universidad Nacional y la Universidad de Antioquia. This work also confirmed an increase in international collaboration, especially, cooperation with countries in the Latin American region. Spain is Colombia’s main academic partner. The study found unnoticeable increase in production with a 0.75 degree of global collaboration. Public universities are the universities that most published highlighting Universidad Nacional y la Universidad de Antioquia. This work also confirmed an increase an international collaboration, especially cooperation countries in the Latin American region. Spain is Colombia’s main academic partner. There is the bias in pro of publications in Colombian magazines. The study confirm that Healthcare Sciences are the greatest nucleus scientific production in Colombia.;"SciELO ; Latin Americans ; Library science ; Political science ; Work (physics)"
"Charles Huamaní ; Patricia Chávez-Solís ; Percy Mayta‐Tristán";Aporte estudiantil en la publicación de artículos científicos en revistas médicas indizadas en SciELO-Perú, 1997 – 2005;Anales de la Facultad de Medicina;2013;https://doi.org/10.15381/anales.v69i1.1182;"Objetivo: Cuantificar la participación estudiantil en la publicación de artículos originales en revistas médicas peruanas indizadas a SciELO Perú. Diseño: Estudio observacional retrospectivo. Lugar: Hemeroteca de la Facultad de Medicina UNMSM y en www.scielo.org.pe. Población: Artículos originales, comunicaciones cortas (incluye casos clínicos) y cartas al editor publicadas en volúmenes correspondientes a 1997 hasta 2005, en revistas de periodicidad trimestral actualizadas. Intervenciones: Revisión de la filiación de los autores (estudiante o profesional; sexo, universidad y carrera de procedencia), tipo de artículo y área de investigación (clínica, biomédica y salud pública). Principales resultados: Frecuencia y porcentaje de artículos con participación estudiantil. Resultados: Se incluyó 865 contribuciones originales de cuatro revistas; en 4,5% (39) de ellas hubo participación estudiantil en la autoría, 74% (29/39) fueron artículos originales, 10 comunicaciones cortas y ninguna carta al editor. Anales de la Facultad de Medicina fue la revista que publicó más artículos estudiantiles (6,6%). La mediana fue de cinco artículos estudiantiles por año. Diez artículos fueron realizados solo por estudiantes, 87% procedía de tres universidades (Universidad Nacional Mayor de San Marcos, Universidad Peruana Cayetano Heredia y Universidad Privada Antenor Orrego) y 58%, del área clínica. La mayoría (72%) de los autores fue varón. Conclusiones: La participación estudiantil en la publicación de artículos en revistas médicas peruanas indizadas en SciELO Perú es baja. Se recomienda capacitar a los estudiantes en la publicación de sus investigaciones, incluyendo cursos o tópicos en la formación médica universitaria.";"Humanities ; SciELO ; Art ; Political science ; MEDLINE"
"Nathaly Wehbe Dawalibi ; Geovana Mellisa Castrezana Anacleto ; Carla Witter ; Rita Maria Monteiro Goulart ; Rita de Cássia de Aquino";Envelhecimento e qualidade de vida: análise da produção científica da SciELO;Estudos de Psicologia (Campinas);2013;https://doi.org/10.1590/s0103-166x2013000300009;A produção científica é um processo contínuo de descoberta e democratização do conhecimento para a comunidade científica e a sociedade. As pesquisas metacientíficas tornaram-se um instrumento importante de avaliação. Analisaram-se 69 artigos sobre envelhecimento e qualidade de vida, quanto às variáveis: título, autoria, sexo, áreas de conhecimento e periódicos. Observaram-se algumas diferenças estatisticamente significantes nos resultados obtidos: títulos com até 12 vocábulos, autoria múltipla e sexo feminino. Houve concentração da publicação nas áreas de Psicologia e de Medicina. A Revista de Saúde Pública teve predomínio na área de Ciências da Saúde em relação às Ciências Humanas. Houve adequação dos títulos e da autoria múltipla, porém, maior produção feminina. Psicologia, Medicina e a Revista de Saúde Pública foram as áreas de conhecimento e o periódico que mais publicaram sobre o tema. Concluiu-se que a avaliação sistemática da produção, desde a autoria até o delineamento, pode contribuir para estabelecer uma política de pesquisa na área.;"SciELO ; Philosophy ; Psychology ; Humanities ; Gerontology"
"Abel Laerte Packer ; Mariana Rocha Biojone ; Irati Antônio ; Roberta Mayumi Takenaka ; Alberto Pedroso García ; Asael Costa da Silva ; Renato Toshiyuki Murasaki ; Cristina Mylek ; Odila Carvalho Reis ; Hálida Cristina Rocha F. Delbucio";SciELO: una metodología para la publicación electrónica;Revista Española de Salud Pública;2001;https://doi.org/10.1590/s1135-57272001000400004;It describes the SciELO Methodology Scientific Electronic Library Online for electronic publishing of scientific periodicals, examining issues such as the transition from traditional printed publication to electronic publishing, the scientific communication process, the principles which founded the methodology development, its application in the building of the SciELO site, its modules and components, the tools use for its construction etc. The article also discusses the potentialities and trends for the area in Brazil and Latin America, pointing out questions and proposals which should be investigated and solved by the methodology. It concludes that the SciELO Methodology is an efficient, flexible and wide solution for the scientific electronic publishing.;"SciELO ; Humanities ; Political science ; Philosophy ; MEDLINE"
"Graziela Macedo Bastos Landeiro ; Celine Cristina Raimundo Pedrozo ; María José Gomes ; Elizabete Regina de Araújo Oliveira";Revisão sistemática dos estudos sobre qualidade de vida indexados na base de dados SciELO;Ciência & Saúde Coletiva;2011;https://doi.org/10.1590/s1413-81232011001100031;"Interest in the quality of life construct has increased in the same proportion as the output of instruments to measure it. In order to analyze the scientific literature on the subject to provide a reflection on this construct in Brazil, a systematic review of the SciELO database covering the period from January 2001 to December 2006 was conducted. It was divided into 3 phases: the first involving 180 publications, the second 124, and the third 10. Of the 180 publications, 77.4% consisted of production in the last three years, with growth of 32.4% from 2001 to 2006. Of these, 124 were selected for methodological analysis in accordance with the category of the study: 79 (63.9%) instrument application articles; 25 (20.1%) translation, validation, adaptation and construction of a QOL instrument; 10 (8%) qualitative studies on QOL; 5 (4%) bibliographical review, 5 (4%) on the quality of life concept. The next stage involved the use of questionnaires and/or interview scripts in order to obtain a broader consensus on perceived quality of life from the interviewees. It was seen that there was significant scientific output in the period under scrutiny, with diversification of approaches and methodologies, highlighting the complexity of the quality of life construct.";"SciELO ; Humanities ; Philosophy ; MEDLINE ; Political science"
"Sergio Minniti ; Valeria Santoro Lamelas ; Simone Belli";Mapping the development of Open Access in Latin America and Caribbean countries. An analysis of Web of Science Core Collection and SciELO Citation Index (2005–2017);Scientometrics;2018;https://doi.org/10.1007/s11192-018-2950-0;;"SciELO ; Latin Americans ; Library science ; Science Citation Index ; Citation"
"Universidad del Cono Sur de las Américas (UCSA) ; Graciela Velázquez";Nuestra presencia en SciELO;Revista Científica de la UCSA;2016;https://doi.org/10.18004/ucsa/2409-8752/2016.003(02)003-004;;"SciELO ; Political science ; MEDLINE ; Law"
"Rafael Repiso ; Evaristo Jiménez‐Contreras ; Ignácio Aguaded";Revistas Iberoamericanas de Educación en SciELO Citation Index y Emerging Source Citation Index;Revista española de Documentación Científica;2017;https://doi.org/10.3989/redc.2017.4.1445;El presente trabajo es un análisis de las revistas de Educación iberoamericanas en SciELO Citation Index y Emerging Source Citation Index, dos de los nuevos productos incorporados a Web of Science. Para ello se analizan las revistas de Educación iberoamericanas presentes en estos productos, por separado y conjuntamente. Se compara su cobertura con otras bases de datos externas referentes (Scopus, Redalyc, Google Scholar Metrics and, Social Sciences Citation Index) así como la presencia de las revistas estudiadas en otras bases de datos. Igualmente se analizan características de las revistas como la representatividad por países, la tipología editorial, periodicidad de las cabeceras, antigüedad y la producción medida en artículos. En definitiva, Web of Science demuestra cubrir mejor el área de Educación Iberoamericana que su rival Scopus.;"SciELO ; Scopus ; Humanities ; Citation ; Web of science"
"Fernanda Beigel ; Abel Laerte Packer ; Osvaldo Gallardo ; Maximiliano Salatino";OLIVA: una mirada transversal a la producción científica indexada en América Latina. Diversidad disciplinar, colaboración institucional y multilingüismo en SciELO y Redalyc;;2021;https://doi.org/10.1590/scielopreprints.2653;El artículo aborda un corpus completo de publicaciones científicas de América Latina y el Caribe a partir de la consolidación de los registros de las bases de datos históricas de SciELO y Redalyc para el período 1909-2019 (OLIVA). Dicho corpus está compuesto por casi 800.000 artículos y más de 2.500.000 de autores y autoras. Se analizan también las instituciones editoras de las más de 1.700 revistas -de 15 países- destacándose la importancia de las universidades y las instituciones públicas en el circuito latinoamericano y caribeño de publicación. El estudio destaca la magnitud de este circuito, su profunda diversidad disciplinar y las tendencias en la colaboración nacional e internacional. También se analiza la colaboración hacia el interior de Brasil -a partir de la base de datos SciELO- y se muestra la colaboración entre distintos estados como un rasgo que confronta la lectura en términos de endogamia de la colaboración nacional. Versión en español: https://doi.org/10.1590/SciELOPreprints.4637;"Humanities ; Political science ; SciELO ; Philosophy ; Law"
"María Cristina Piumbato Innocentini Hayashi ; Amarílio Ferreira ; Marisa Bittar ; Carlos Roberto Massao Hayashi ; Márcia Regina da Silva";História da educação brasileira: a produção científica na biblioteca eletrônica SCIELO;Educação & Sociedade;2008;https://doi.org/10.1590/s0101-73302008000100010;Na atualidade, as facilidades de acesso, produção e disseminação de informação têm provocado repercussões na comunidade científica e modificado as estruturas de produção e divulgação científicas. A ampliação dos espaços de produção de conhecimento sobre a pesquisa em educação no país sugere a existência de um conjunto significativo de trabalhos que têm se preocupado em analisar e refletir sobre a produção científica da área. Dessa perspectiva, a integração dos estudos de educação com os da ciência da informação se constitui em importante contribuição na tarefa de identificar, selecionar, coletar, sistematizar e estruturar sistemas de informação que ampliem o campo de estudos em educação. Este artigo relata pesquisa sobre a produção científica no campo da história da educação, constituída de artigos científicos publicados em periódicos publicados na biblioteca eletrônica SCIELO.;"SciELO ; Humanities ; Political science ; Philosophy ; MEDLINE"
"Álvaro Taype-Rondán ; Yasmín Lajo-Aurazo ; Rodrigo Gutiérrez-Brown ; Natalia Zamalloa- Masías ; Michelle Saldaña-Gonzales";Aporte de las sociedades estudiantiles en la publicación científica en Scielo-Perú, 2009 - 2010;Revista Peruana de Medicina Experimental y Salud Pública;2011;https://doi.org/10.1590/s1726-46342011000400022;"a , Natalia Zamalloa-Masías 1,a , Michelle Saldaña-Gonzales 1,a Sr. Editor.Se sugiere que promover la investigación entre los alumnos de pregrado de medicina es una estrategia para aumentar la investigación en salud.Sin embargo, son pocas las investigaciones que los estudiantes publican y existe recelo por parte de otros investigadores para citar dichas publicaciones (1) .Los estudiantes de medicina, interesados en mejorar su calidad en investigación, fundaron en 1992 la ""Sociedad Científica Médico Estudiantil Peruana"" (SOCIMEP), que al año 2011 reúne a 30 sociedades científicas de estudiantes de medicina (SOCEM), que tienen como objetivo el incentivar la investigación biomédica desde el pregrado.Realizando el seguimiento de indicadores de la producción científica de los estudiantes de medicina y de las SOCEM, es que cuantificamos los artículos publicados con participación estudiantil entre el 2009 y 2010 en las revistas médicas indizadas en SciELO-Perú (cinco revistas en octubre de 2011).Para ello, consideramos como ""estudiantes"" a los autores que especificaron en su filiación ser 'alumno de medicina";"Humanities ; SciELO ; Philosophy ; Biology ; MEDLINE"
"Vicente Tomás-Casterá ; Javier Sanz‐Valero ; Verónica Juan-Quilis";[Bibliometric analysis of the scientific production and consumption on nutrition journals indexed in scielo network].;PubMed;2014;https://doi.org/10.3305/nh.2013.28.3.6463;A partir de la tesis doctoral presentada en la Universidad de Alicante “Estudio bibliométrico de la producción científica y de consumo de las revistas sobre nutrición indizadas en la Red SciELO”1 se recopilan sus principales resultados como base de futuros estudios bibliómetricos.;"SciELO ; Humanities ; Philosophy ; Political science ; MEDLINE"
;SciELO – 15 Years of Open Access: an analytic study of Open Access and scholarly communication;UNESCO eBooks;2014;https://doi.org/10.7476/9789230012373;;"SciELO ; Open access journal ; Scholarly communication ; Political science ; Computer science"
;SciELO Citation Index: Mejorando la Visibilidad de las Revistas Scielo;Información tecnológica;2015;https://doi.org/10.4067/s0718-07642015000400001;Index (SCCI) es una base de datos y una plataforma de busqueda de literatura académica sobre todas las áreas de la ciencia y las humanidades que cubre la biblioteca electrónica Scielo.El SCCI está integrado a la plataforma de la Web of Science (WoS) y comenzó a operar en forma regular y completa a partir de mediados de este año 2014.Esta inclusión representa sin duda un notable avance en la visibilidad y alcance de las revistas Scielo y mayor reconocimiento internacional a su contribucion e influencia en el conocimiento universal.Este nuevo producto otorgará también a los investigadores de todo el mundo una mayor accesibilidad a la base de datos SciELO y a distintos indicadores de impacto.La inclusión de SCCI en la plataforma WoS es el resultado de un acuerdo entre Thomson;"SciELO ; Humanities ; Art ; Political science ; MEDLINE"
